-- Nebular Portfolio seed migration 002
-- Seeds galleries, series, and placeholder photos to mirror data/*-static.json

insert into galleries (slug, title, description, cover_photo_id, order_index, published_at) values
  ('vancouver-street', 'Vancouver Street', 'Rainy mornings, late-afternoon light, quiet commuter geometry. Downtown Vancouver and the West End captured on foot, unposed, one frame at a time.', 'ph_001', 1, '2026-01-10T00:00:00Z'),
  ('coal-harbour-waterfront', 'Coal Harbour Waterfront', 'Seawall studies, seaplane departures, cargo cranes at dusk. A slow portrait of the inner harbour across a single season.', 'ph_003', 2, '2026-02-01T00:00:00Z'),
  ('documentary-lagos', 'Documentary Lagos', 'Open-air market studies, return-trip field work. Colour, shadow, texture, commerce. Framed with respect for subjects and scene.', 'ph_005', 3, '2026-02-18T00:00:00Z'),
  ('portraits', 'Portraits', 'Commissioned and editorial portraits. Natural light, mid-frame, conversational.', 'ph_006', 4, '2026-03-01T00:00:00Z'),
  ('quiet-interiors', 'Quiet Interiors', 'Domestic surfaces, hotel lobbies, architectural fragments. Found still lifes in places that were never meant to be photographed.', 'ph_007', 5, '2026-03-12T00:00:00Z'),
  ('craft-fieldwork', 'Craft Fieldwork', 'Tools, hands, process. Long-term project focused on makers and their working surfaces.', 'ph_008', 6, '2026-03-25T00:00:00Z')
on conflict (slug) do update set title = excluded.title, description = excluded.description, cover_photo_id = excluded.cover_photo_id, order_index = excluded.order_index, published_at = excluded.published_at;

insert into series (slug, title, description, theme_tag, cover_photo_id, status, status_note) values
  ('vancouver-street', 'Vancouver Street', 'Anchored in Coal Harbour and the West End. Weekly frames across seasons.', 'street', 'ph_001', 'active', null),
  ('coal-harbour-waterfront', 'Coal Harbour Waterfront', 'Seaplanes, seawall, cargo horizon. A slow continuous study of a single harbour.', 'waterfront', 'ph_003', 'active', null),
  ('documentary-lagos', 'Documentary Lagos', 'Return-trip field work. Texture, colour, commerce.', 'documentary', 'ph_005', 'active', null),
  ('portraits', 'Portraits', 'Series expanding 2026-Q2. First commissioned frames targeted for June release.', 'portrait', 'ph_006', 'expanding', 'Series expanding 2026-Q2. New frames added as commissioned releases clear.')
on conflict (slug) do update set title = excluded.title, description = excluded.description, theme_tag = excluded.theme_tag, cover_photo_id = excluded.cover_photo_id, status = excluded.status, status_note = excluded.status_note;

insert into photos (id, slug, gallery_slug, title, caption, alt_text, camera, lens, iso, aperture, shutter, focal_length_mm, captured_at, file_path, width, height, attribution_source, attribution_license, attribution_photographer, attribution_url, tags, exif_synthesized) values
  ('ph_001','rainy-cardero','vancouver-street','Rainy morning, Cardero','Coal Harbour side street, wet pavement reflection, low grey light.','Empty rain-soaked side street in downtown Vancouver at dawn with reflections of building lights on the pavement.','Fujifilm X-T4','XF 23mm f/2 R WR',400,'f/4.0','1/250s',23,'2026-01-14T07:42:00Z','/placeholders/ph_001.svg',1600,1067,'nebular-placeholder-svg','In-house editorial placeholder generated by Nebular Labs for the portfolio scaffold.','Aditya Chinchure (original Unsplash reference)','https://unsplash.com/photos/ZhQCZjr9fHo',array['street','vancouver','rain','morning'],true),
  ('ph_002','downtown-geometry','vancouver-street','Downtown geometry','Midday architecture, West Georgia. Glass, shadow, diagonal.','A downtown Vancouver office tower from street level, cropped into strong diagonal lines of glass and shadow.','Fujifilm X-T4','XF 35mm f/1.4 R',200,'f/5.6','1/1000s',35,'2026-01-21T13:15:00Z','/placeholders/ph_002.svg',1600,1067,'nebular-placeholder-svg','In-house editorial placeholder generated by Nebular Labs.','Mike Benna (original Unsplash reference)','https://unsplash.com/photos/Nh3P1t-yBvg',array['street','vancouver','architecture','geometry'],true),
  ('ph_003','seawall-solitary','coal-harbour-waterfront','Seawall, solitary','Single walker, low tide, North Shore mountains at dawn.','A single figure walking the Coal Harbour seawall with the North Shore mountains in soft dawn light.','Fujifilm X-T4','XF 56mm f/1.2 R',160,'f/2.8','1/500s',56,'2026-02-03T06:58:00Z','/placeholders/ph_003.svg',1600,1067,'nebular-placeholder-svg','In-house editorial placeholder generated by Nebular Labs.','Mike Benna (original Unsplash reference)','https://unsplash.com/photos/kSvpIjSgAw4',array['waterfront','seawall','coal-harbour','dawn'],true),
  ('ph_004','harbour-blue-hour','coal-harbour-waterfront','Harbour, blue hour','Inner harbour seaplane moorage, late winter, city lights waking.','The Coal Harbour seaplane moorage at blue hour with a seaplane silhouette and downtown city lights behind.','Fujifilm X-T4','XF 16-55mm f/2.8 R LM WR',800,'f/4.0','1/60s',35,'2026-02-12T17:30:00Z','/placeholders/ph_004.svg',1600,1067,'nebular-placeholder-svg','In-house editorial placeholder generated by Nebular Labs.','Mike Benna (original Unsplash reference)','https://unsplash.com/photos/KgZLxc5MeQU',array['waterfront','blue-hour','vancouver','seaplane'],true),
  ('ph_005','lagos-market-light','documentary-lagos','Market light, Lagos','Open-air fabric stalls under midday sun. Colour field study.','An open-air market in Lagos with a range of fabric stalls, bright daylight falling through canopy gaps onto the stacks of textiles.','Fujifilm X-T4','XF 23mm f/2 R WR',200,'f/5.6','1/800s',23,'2026-02-20T12:10:00Z','/placeholders/ph_005.svg',1600,1067,'nebular-placeholder-svg','In-house editorial placeholder generated by Nebular Labs.','Tope A. Asokere (original Unsplash reference)','https://unsplash.com/photos/wWz9fX4U6Pg',array['documentary','lagos','market','colour'],true),
  ('ph_006','portrait-silhouette','portraits','Portrait, silhouette','Window-light study. Series expanding 2026-Q2.','A silhouette portrait against a bright window with soft gradient light; face partially in shadow.','Fujifilm X-T4','XF 56mm f/1.2 R',400,'f/2.0','1/125s',56,'2026-03-02T15:00:00Z','/placeholders/ph_006.svg',1600,1067,'nebular-placeholder-svg','In-house editorial placeholder generated by Nebular Labs.','Tamara Bellis (original Unsplash reference)','https://unsplash.com/photos/Io4uvgO_IlE',array['portrait','silhouette','window-light'],true),
  ('ph_007','quiet-interior-lobby','quiet-interiors','Quiet interior, lobby','Hotel stillness at mid-afternoon. Found still life.','A hotel lobby with warm interior lighting, two chairs, a low table, and empty space; mid-afternoon stillness.','Fujifilm X-T4','XF 16-55mm f/2.8 R LM WR',800,'f/4.0','1/125s',23,'2026-03-14T14:45:00Z','/placeholders/ph_007.svg',1600,1067,'nebular-placeholder-svg','In-house editorial placeholder generated by Nebular Labs.','R ARCHITECTURE (original Unsplash reference)','https://unsplash.com/photos/FQWDEvTq6hQ',array['interior','still-life','quiet'],true),
  ('ph_008','craft-hands','craft-fieldwork','Craft, hands','Maker at their working surface. Long-term series.','A pair of hands working over a wooden craft bench with tools and shavings; warm overhead light.','Fujifilm X-T4','XF 56mm f/1.2 R',640,'f/2.8','1/200s',56,'2026-03-28T11:20:00Z','/placeholders/ph_008.svg',1600,1067,'nebular-placeholder-svg','In-house editorial placeholder generated by Nebular Labs.','Jeff Sheldon (original Unsplash reference)','https://unsplash.com/photos/Ix3cWTMZ79E',array['craft','maker','hands'],true)
on conflict (id) do update set title = excluded.title, caption = excluded.caption, alt_text = excluded.alt_text, gallery_slug = excluded.gallery_slug;

insert into series_photos (series_slug, photo_id, order_index) values
  ('vancouver-street','ph_001',1),
  ('vancouver-street','ph_002',2),
  ('vancouver-street','ph_003',3),
  ('coal-harbour-waterfront','ph_003',1),
  ('coal-harbour-waterfront','ph_004',2),
  ('documentary-lagos','ph_005',1),
  ('portraits','ph_006',1)
on conflict (series_slug, photo_id) do update set order_index = excluded.order_index;
